[
  {
    "id": 1,
    "no": 1,
    "name": "발시버정500mg",
    "code": "vacv",
    "expiry_date": "2030-09-09",
    "created_at": "2026-02-19T02:30:06.42201+00:00"
  },
  {
    "id": 2,
    "no": 2,
    "name": "리포덱스450mg",
    "code": "rf45",
    "expiry_date": null,
    "created_at": "2026-02-19T02:30:06.42201+00:00"
  },
  {
    "id": 3,
    "no": 3,
    "name": "기넥신에프정",
    "code": "gkb",
    "expiry_date": "2026-12-11",
    "created_at": "2026-02-19T02:30:06.42201+00:00"
  },
  {
    "id": 4,
    "no": 4,
    "name": "디튜린정0.1mg",
    "code": "dsmp0.1",
    "expiry_date": "2028-02-11",
    "created_at": "2026-02-19T02:30:06.42201+00:00"
  },
  {
    "id": 5,
    "no": 5,
    "name": "쿠에타핀 정25mg",
    "code": "quet",
    "expiry_date": "2028-06-03",
    "created_at": "2026-02-19T02:30:06.42201+00:00"
  },
  {
    "id": 6,
    "no": 7,
    "name": "칼디플러스",
    "code": "cald1",
    "expiry_date": "2028-07-02",
    "created_at": "2026-02-19T02:30:06.42201+00:00"
  },
  {
    "id": 7,
    "no": 8,
    "name": "클래리시드엑스엘",
    "code": "cltm50",
    "expiry_date": null,
    "created_at": "2026-02-19T02:30:06.42201+00:00"
  },
  {
    "id": 8,
    "no": 9,
    "name": "애피언트10mg",
    "code": "effi",
    "expiry_date": null,
    "created_at": "2026-02-19T02:30:06.42201+00:00"
  },
  {
    "id": 9,
    "no": 10,
    "name": "바난정(씨제이)",
    "code": "bann",
    "expiry_date": "2028-04-16",
    "created_at": "2026-02-19T02:30:06.42201+00:00"
  },
  {
    "id": 10,
    "no": 11,
    "name": "쿠에타핀 정 12.5mg",
    "code": "quet0.5",
    "expiry_date": "2028-07-03",
    "created_at": "2026-02-19T02:30:06.42201+00:00"
  },
  {
    "id": 11,
    "no": 13,
    "name": "모록사신400mg",
    "code": "avlx3",
    "expiry_date": null,
    "created_at": "2026-02-19T02:30:06.42201+00:00"
  },
  {
    "id": 12,
    "no": 14,
    "name": "일성이솦틴서방정180mg",
    "code": "vpm",
    "expiry_date": null,
    "created_at": "2026-02-19T02:30:06.42201+00:00"
  },
  {
    "id": 13,
    "no": 15,
    "name": "후라시닐정",
    "code": "fla",
    "expiry_date": null,
    "created_at": "2026-02-19T02:30:06.42201+00:00"
  },
  {
    "id": 14,
    "no": 16,
    "name": "테놀민정50mg",
    "code": "atn50",
    "expiry_date": "2028-02-10",
    "created_at": "2026-02-19T02:30:06.42201+00:00"
  },
  {
    "id": 15,
    "no": 17,
    "name": "아디팜정",
    "code": "hoz",
    "expiry_date": null,
    "created_at": "2026-02-19T02:30:06.42201+00:00"
  },
  {
    "id": 16,
    "no": 19,
    "name": "메섹신캅셀500mg",
    "code": "msx1",
    "expiry_date": "2026-12-24",
    "created_at": "2026-02-19T02:30:06.42201+00:00"
  },
  {
    "id": 17,
    "no": 20,
    "name": "다이아벡스정1000mg",
    "code": "gph10",
    "expiry_date": "2027-12-05",
    "created_at": "2026-02-19T02:30:06.42201+00:00"
  },
  {
    "id": 18,
    "no": 21,
    "name": "글리멜정2mg",
    "code": "glmp",
    "expiry_date": null,
    "created_at": "2026-02-19T02:30:06.42201+00:00"
  },
  {
    "id": 19,
    "no": 22,
    "name": "디오살탄정40mg",
    "code": "dio40",
    "expiry_date": "2028-03-02",
    "created_at": "2026-02-19T02:30:06.42201+00:00"
  },
  {
    "id": 20,
    "no": 23,
    "name": "리록스반정15mg",
    "code": "xarel15",
    "expiry_date": "2027-03-31",
    "created_at": "2026-02-19T02:30:06.42201+00:00"
  },
  {
    "id": 21,
    "no": 25,
    "name": "엘탄 서방정 60mg",
    "code": "isod1",
    "expiry_date": null,
    "created_at": "2026-02-19T02:30:06.42201+00:00"
  },
  {
    "id": 22,
    "no": 26,
    "name": "다이아벡스XR서방정",
    "code": "gph-xr",
    "expiry_date": "2027-09-01",
    "created_at": "2026-02-19T02:30:06.42201+00:00"
  },
  {
    "id": 23,
    "no": 27,
    "name": "리피논 정10mg",
    "code": "lipi1",
    "expiry_date": "2027-04-30",
    "created_at": "2026-02-19T02:30:06.42201+00:00"
  },
  {
    "id": 24,
    "no": 28,
    "name": "판토라인20mg",
    "code": "ptp2",
    "expiry_date": "2027-12-11",
    "created_at": "2026-02-19T02:30:06.42201+00:00"
  },
  {
    "id": 25,
    "no": 29,
    "name": "엘리퀴스정2.5mg",
    "code": "eliqs",
    "expiry_date": "2027-04-30",
    "created_at": "2026-02-19T02:30:06.42201+00:00"
  },
  {
    "id": 26,
    "no": 30,
    "name": "베라스트정 0.02mg",
    "code": "bera2",
    "expiry_date": "2027-10-22",
    "created_at": "2026-02-19T02:30:06.42201+00:00"
  },
  {
    "id": 107,
    "no": 31,
    "name": "리포덱스600mg",
    "code": "rf6",
    "expiry_date": null,
    "created_at": "2026-02-19T02:30:06.576472+00:00"
  },
  {
    "id": 108,
    "no": 32,
    "name": "트레스 오릭스 포르테 캡슐",
    "code": "tst1",
    "expiry_date": "2028-04-23",
    "created_at": "2026-02-19T02:30:06.576472+00:00"
  },
  {
    "id": 109,
    "no": 33,
    "name": "미라벡서방정50mg",
    "code": "betm1",
    "expiry_date": "2028-06-10",
    "created_at": "2026-02-19T02:30:06.576472+00:00"
  },
  {
    "id": 110,
    "no": 34,
    "name": "모티리톤정",
    "code": "moti",
    "expiry_date": "2027-03-19",
    "created_at": "2026-02-19T02:30:06.576472+00:00"
  },
  {
    "id": 111,
    "no": 35,
    "name": "바소트롤6.25mg",
    "code": "cvd6.25",
    "expiry_date": "2028-03-29",
    "created_at": "2026-02-19T02:30:06.576472+00:00"
  },
  {
    "id": 112,
    "no": 36,
    "name": "피어리존",
    "code": "pgtz1",
    "expiry_date": "2028-08-18",
    "created_at": "2026-02-19T02:30:06.576472+00:00"
  },
  {
    "id": 113,
    "no": 37,
    "name": "옥사제핀정300mg",
    "code": "oxcb30",
    "expiry_date": null,
    "created_at": "2026-02-19T02:30:06.576472+00:00"
  },
  {
    "id": 114,
    "no": 38,
    "name": "세푸록심악세틸",
    "code": "cfrx3",
    "expiry_date": "2027-11-08",
    "created_at": "2026-02-19T02:30:06.576472+00:00"
  },
  {
    "id": 115,
    "no": 39,
    "name": "제피토정10/10mg",
    "code": "lipoz2",
    "expiry_date": "2028-03-31",
    "created_at": "2026-02-19T02:30:06.576472+00:00"
  },
  {
    "id": 116,
    "no": 41,
    "name": "멕페란정",
    "code": "macp",
    "expiry_date": null,
    "created_at": "2026-02-19T02:30:06.576472+00:00"
  },
  {
    "id": 117,
    "no": 42,
    "name": "로피맥스정 0.25mg",
    "code": "rqip",
    "expiry_date": "2027-05-25",
    "created_at": "2026-02-19T02:30:06.576472+00:00"
  },
  {
    "id": 118,
    "no": 43,
    "name": "글라포민엠2/500mg",
    "code": "glmm3",
    "expiry_date": null,
    "created_at": "2026-02-19T02:30:06.576472+00:00"
  },
  {
    "id": 119,
    "no": 44,
    "name": "레비라정500mg",
    "code": "kepra3",
    "expiry_date": "2028-03-17",
    "created_at": "2026-02-19T02:30:06.576472+00:00"
  },
  {
    "id": 120,
    "no": 45,
    "name": "파라마셋",
    "code": "at2",
    "expiry_date": "2027-08-20",
    "created_at": "2026-02-19T02:30:06.576472+00:00"
  },
  {
    "id": 121,
    "no": 46,
    "name": "가스모틴",
    "code": "mosa",
    "expiry_date": "2028-06-27",
    "created_at": "2026-02-19T02:30:06.576472+00:00"
  },
  {
    "id": 122,
    "no": 47,
    "name": "바소트롤정25mg",
    "code": "cvd2",
    "expiry_date": "2027-09-23",
    "created_at": "2026-02-19T02:30:06.576472+00:00"
  },
  {
    "id": 123,
    "no": 48,
    "name": "콩코르정2.5mg",
    "code": "bis2.5",
    "expiry_date": "2027-06-03",
    "created_at": "2026-02-19T02:30:06.576472+00:00"
  },
  {
    "id": 124,
    "no": 49,
    "name": "메디락에스장용캅셀",
    "code": "medl",
    "expiry_date": "2027-09-22",
    "created_at": "2026-02-19T02:30:06.576472+00:00"
  },
  {
    "id": 125,
    "no": 50,
    "name": "테베텐",
    "code": "teve",
    "expiry_date": null,
    "created_at": "2026-02-19T02:30:06.576472+00:00"
  },
  {
    "id": 126,
    "no": 51,
    "name": "엔트레스토필름코팅정50mg",
    "code": "sacval1",
    "expiry_date": null,
    "created_at": "2026-02-19T02:30:06.576472+00:00"
  },
  {
    "id": 127,
    "no": 52,
    "name": "독사존엑스엘서방정4mg",
    "code": "cdr1",
    "expiry_date": null,
    "created_at": "2026-02-19T02:30:06.576472+00:00"
  },
  {
    "id": 128,
    "no": 53,
    "name": "실타졸50mg",
    "code": "clz5",
    "expiry_date": "2027-03-27",
    "created_at": "2026-02-19T02:30:06.576472+00:00"
  },
  {
    "id": 129,
    "no": 54,
    "name": "소메론정",
    "code": "mpd2",
    "expiry_date": "2028-05-20",
    "created_at": "2026-02-19T02:30:06.576472+00:00"
  },
  {
    "id": 130,
    "no": 55,
    "name": "써스펜이알서방정",
    "code": "aap65",
    "expiry_date": "2028-07-18",
    "created_at": "2026-02-19T02:30:06.576472+00:00"
  },
  {
    "id": 131,
    "no": 56,
    "name": "아벨탄플러스정300/12.5",
    "code": "ibst3z1",
    "expiry_date": "2027-07-15",
    "created_at": "2026-02-19T02:30:06.576472+00:00"
  },
  {
    "id": 132,
    "no": 57,
    "name": "스티렌",
    "code": "eupa",
    "expiry_date": "2028-04-26",
    "created_at": "2026-02-19T02:30:06.576472+00:00"
  },
  {
    "id": 133,
    "no": 58,
    "name": "토피라정",
    "code": "topa1",
    "expiry_date": null,
    "created_at": "2026-02-19T02:30:06.576472+00:00"
  },
  {
    "id": 134,
    "no": 59,
    "name": "콜킨정",
    "code": "cco",
    "expiry_date": null,
    "created_at": "2026-02-19T02:30:06.576472+00:00"
  },
  {
    "id": 135,
    "no": 60,
    "name": "하이그로톤정25mg",
    "code": "hygro",
    "expiry_date": null,
    "created_at": "2026-02-19T02:30:06.576472+00:00"
  },
  {
    "id": 27,
    "no": 61,
    "name": "리피논정80mg",
    "code": "lipn8",
    "expiry_date": "2027-04-23",
    "created_at": "2026-02-19T02:30:06.42201+00:00"
  },
  {
    "id": 28,
    "no": 62,
    "name": "베니톨정",
    "code": "veni",
    "expiry_date": "2027-07-23",
    "created_at": "2026-02-19T02:30:06.42201+00:00"
  },
  {
    "id": 29,
    "no": 63,
    "name": "액시마",
    "code": "asm",
    "expiry_date": "2028-05-29",
    "created_at": "2026-02-19T02:30:06.42201+00:00"
  },
  {
    "id": 30,
    "no": 64,
    "name": "독시사이클린정100mg",
    "code": "doxy4",
    "expiry_date": "2028-03-22",
    "created_at": "2026-02-19T02:30:06.42201+00:00"
  },
  {
    "id": 31,
    "no": 65,
    "name": "베시스타정5mg",
    "code": "vesi1",
    "expiry_date": "2028-05-18",
    "created_at": "2026-02-19T02:30:06.42201+00:00"
  },
  {
    "id": 32,
    "no": 67,
    "name": "듀록타 캡슐 60mg",
    "code": "duxe60",
    "expiry_date": "2027-09-22",
    "created_at": "2026-02-19T02:30:06.42201+00:00"
  },
  {
    "id": 33,
    "no": 68,
    "name": "디오반필름코팅정320mg",
    "code": "dio32",
    "expiry_date": "2027-08-31",
    "created_at": "2026-02-19T02:30:06.42201+00:00"
  },
  {
    "id": 34,
    "no": 69,
    "name": "베아제정",
    "code": "bease",
    "expiry_date": "2027-06-04",
    "created_at": "2026-02-19T02:30:06.42201+00:00"
  },
  {
    "id": 35,
    "no": 70,
    "name": "안플라그정100mg",
    "code": "sapg1",
    "expiry_date": "2028-05-01",
    "created_at": "2026-02-19T02:30:06.42201+00:00"
  },
  {
    "id": 36,
    "no": 73,
    "name": "치옥티아",
    "code": "thio-hr1",
    "expiry_date": "2027-06-24",
    "created_at": "2026-02-19T02:30:06.42201+00:00"
  },
  {
    "id": 37,
    "no": 74,
    "name": "뮤코테인캡슐",
    "code": "surf3",
    "expiry_date": "2027-10-01",
    "created_at": "2026-02-19T02:30:06.42201+00:00"
  },
  {
    "id": 38,
    "no": 75,
    "name": "마이암부톨",
    "code": "emb1",
    "expiry_date": "2028-03-20",
    "created_at": "2026-02-19T02:30:06.42201+00:00"
  },
  {
    "id": 39,
    "no": 76,
    "name": "산화마그네슘정250mg",
    "code": "mgo",
    "expiry_date": "2027-04-03",
    "created_at": "2026-02-19T02:30:06.42201+00:00"
  },
  {
    "id": 40,
    "no": 77,
    "name": "리바로정2mg",
    "code": "piva2",
    "expiry_date": null,
    "created_at": "2026-02-19T02:30:06.42201+00:00"
  },
  {
    "id": 41,
    "no": 79,
    "name": "비타메진50mg",
    "code": "vtm",
    "expiry_date": "2028-04-02",
    "created_at": "2026-02-19T02:30:06.42201+00:00"
  },
  {
    "id": 42,
    "no": 80,
    "name": "고덱스",
    "code": "godex",
    "expiry_date": "2028-03-20",
    "created_at": "2026-02-19T02:30:06.42201+00:00"
  },
  {
    "id": 43,
    "no": 81,
    "name": "플라빅스에이",
    "code": "clpda",
    "expiry_date": "2027-03-31",
    "created_at": "2026-02-19T02:30:06.42201+00:00"
  },
  {
    "id": 44,
    "no": 82,
    "name": "아다핀오스서방정30mg",
    "code": "nife3",
    "expiry_date": "2026-06-18",
    "created_at": "2026-02-19T02:30:06.42201+00:00"
  },
  {
    "id": 45,
    "no": 83,
    "name": "신일피리독신정",
    "code": "vb6",
    "expiry_date": null,
    "created_at": "2026-02-19T02:30:06.42201+00:00"
  },
  {
    "id": 46,
    "no": 85,
    "name": "아지로신정",
    "code": "zim25",
    "expiry_date": null,
    "created_at": "2026-02-19T02:30:06.42201+00:00"
  },
  {
    "id": 47,
    "no": 86,
    "name": "테올란비서방캅셀",
    "code": "teol",
    "expiry_date": null,
    "created_at": "2026-02-19T02:30:06.42201+00:00"
  },
  {
    "id": 48,
    "no": 87,
    "name": "아세트아미노펜300",
    "code": "aap3",
    "expiry_date": "2028-02-11",
    "created_at": "2026-02-19T02:30:06.42201+00:00"
  },
  {
    "id": 49,
    "no": 88,
    "name": "루키오정10mg",
    "code": "sing1",
    "expiry_date": "2028-01-05",
    "created_at": "2026-02-19T02:30:06.42201+00:00"
  },
  {
    "id": 50,
    "no": 89,
    "name": "노바스크",
    "code": "nor",
    "expiry_date": "2027-01-12",
    "created_at": "2026-02-19T02:30:06.42201+00:00"
  },
  {
    "id": 51,
    "no": 90,
    "name": "오팔몬정",
    "code": "lip",
    "expiry_date": "2028-04-13",
    "created_at": "2026-02-19T02:30:06.42201+00:00"
  },
  {
    "id": 136,
    "no": 91,
    "name": "프리아틸정600mg",
    "code": "cys6",
    "expiry_date": "2027-06-25",
    "created_at": "2026-02-19T02:30:06.576472+00:00"
  },
  {
    "id": 137,
    "no": 92,
    "name": "아벨탄플러스정 150/12.5mg",
    "code": "ibstp1",
    "expiry_date": "2027-04-22",
    "created_at": "2026-02-19T02:30:06.576472+00:00"
  },
  {
    "id": 138,
    "no": 93,
    "name": "케이콘틴서방정 600mg",
    "code": "kcl",
    "expiry_date": "2028-03-23",
    "created_at": "2026-02-19T02:30:06.576472+00:00"
  },
  {
    "id": 139,
    "no": 94,
    "name": "암브렉트 정 30mg",
    "code": "abx1",
    "expiry_date": "2028-02-04",
    "created_at": "2026-02-19T02:30:06.576472+00:00"
  },
  {
    "id": 140,
    "no": 95,
    "name": "호이스타",
    "code": "foy2",
    "expiry_date": "2028-07-07",
    "created_at": "2026-02-19T02:30:06.576472+00:00"
  },
  {
    "id": 141,
    "no": 96,
    "name": "솝튼정",
    "code": "srda1",
    "expiry_date": "2028-05-29",
    "created_at": "2026-02-19T02:30:06.576472+00:00"
  },
  {
    "id": 142,
    "no": 97,
    "name": "케타스",
    "code": "ibud",
    "expiry_date": null,
    "created_at": "2026-02-19T02:30:06.576472+00:00"
  },
  {
    "id": 143,
    "no": 98,
    "name": "듀로셉톨캡슐30mg",
    "code": "duxe1",
    "expiry_date": "2027-07-31",
    "created_at": "2026-02-19T02:30:06.576472+00:00"
  },
  {
    "id": 144,
    "no": 99,
    "name": "니코피온서방정150mg",
    "code": "nicop",
    "expiry_date": null,
    "created_at": "2026-02-19T02:30:06.576472+00:00"
  },
  {
    "id": 145,
    "no": 100,
    "name": "우루사",
    "code": "udca",
    "expiry_date": "2028-08-20",
    "created_at": "2026-02-19T02:30:06.576472+00:00"
  },
  {
    "id": 146,
    "no": 101,
    "name": "염산에페리손정",
    "code": "epe1",
    "expiry_date": "2027-11-05",
    "created_at": "2026-02-19T02:30:06.576472+00:00"
  },
  {
    "id": 147,
    "no": 102,
    "name": "네비레트 엠 정 2.5mg",
    "code": "nebi1",
    "expiry_date": "2028-06-24",
    "created_at": "2026-02-19T02:30:06.576472+00:00"
  },
  {
    "id": 148,
    "no": 104,
    "name": "실로스탄씨알정200mg",
    "code": "clzcr",
    "expiry_date": null,
    "created_at": "2026-02-19T02:30:06.576472+00:00"
  },
  {
    "id": 149,
    "no": 105,
    "name": "릭시아나60mg",
    "code": "lixi6",
    "expiry_date": null,
    "created_at": "2026-02-19T02:30:06.576472+00:00"
  },
  {
    "id": 150,
    "no": 106,
    "name": "스타브론정",
    "code": "star",
    "expiry_date": "2026-09-29",
    "created_at": "2026-02-19T02:30:06.576472+00:00"
  },
  {
    "id": 151,
    "no": 107,
    "name": "오르필서방정150mg",
    "code": "valp15",
    "expiry_date": "2028-09-03",
    "created_at": "2026-02-19T02:30:06.576472+00:00"
  },
  {
    "id": 152,
    "no": 108,
    "name": "자트랄엑스엘정10mg",
    "code": "xatral",
    "expiry_date": "2028-07-21",
    "created_at": "2026-02-19T02:30:06.576472+00:00"
  },
  {
    "id": 153,
    "no": 109,
    "name": "실로스타졸캡슐100mg",
    "code": "clz10",
    "expiry_date": "2028-07-08",
    "created_at": "2026-02-19T02:30:06.576472+00:00"
  },
  {
    "id": 154,
    "no": 110,
    "name": "페니토인",
    "code": "dlt",
    "expiry_date": null,
    "created_at": "2026-02-19T02:30:06.576472+00:00"
  },
  {
    "id": 155,
    "no": 111,
    "name": "엔시트라세미정",
    "code": "at0.5",
    "expiry_date": "2026-10-04",
    "created_at": "2026-02-19T02:30:06.576472+00:00"
  },
  {
    "id": 156,
    "no": 112,
    "name": "인데놀정40mg",
    "code": "ppl",
    "expiry_date": null,
    "created_at": "2026-02-19T02:30:06.576472+00:00"
  },
  {
    "id": 157,
    "no": 113,
    "name": "페니라민정",
    "code": "pr",
    "expiry_date": "2028-04-21",
    "created_at": "2026-02-19T02:30:06.576472+00:00"
  },
  {
    "id": 158,
    "no": 114,
    "name": "애니디핀에스정2.5mg",
    "code": "amd0.5",
    "expiry_date": null,
    "created_at": "2026-02-19T02:30:06.576472+00:00"
  },
  {
    "id": 159,
    "no": 115,
    "name": "세레브렉스 200mg",
    "code": "cele",
    "expiry_date": "2027-05-14",
    "created_at": "2026-02-19T02:30:06.576472+00:00"
  },
  {
    "id": 160,
    "no": 116,
    "name": "세파클러캅셀",
    "code": "cfc",
    "expiry_date": "2028-07-14",
    "created_at": "2026-02-19T02:30:06.576472+00:00"
  },
  {
    "id": 161,
    "no": 117,
    "name": "타스나정500mg",
    "code": "nb",
    "expiry_date": null,
    "created_at": "2026-02-19T02:30:06.576472+00:00"
  },
  {
    "id": 162,
    "no": 118,
    "name": "후릭스정40mg",
    "code": "furo",
    "expiry_date": "2028-04-02",
    "created_at": "2026-02-19T02:30:06.576472+00:00"
  },
  {
    "id": 163,
    "no": 119,
    "name": "브린텔릭스정10mg",
    "code": "brimt",
    "expiry_date": null,
    "created_at": "2026-02-19T02:30:06.576472+00:00"
  },
  {
    "id": 164,
    "no": 120,
    "name": "시그마트정5mg",
    "code": "sig",
    "expiry_date": null,
    "created_at": "2026-02-19T02:30:06.576472+00:00"
  },
  {
    "id": 52,
    "no": 121,
    "name": "반코진캡슐125mg",
    "code": "van",
    "expiry_date": "2028-06-17",
    "created_at": "2026-02-19T02:30:06.42201+00:00"
  },
  {
    "id": 53,
    "no": 122,
    "name": "애니세프캅셀",
    "code": "cfd1",
    "expiry_date": null,
    "created_at": "2026-02-19T02:30:06.42201+00:00"
  },
  {
    "id": 54,
    "no": 123,
    "name": "코다론정",
    "code": "coda",
    "expiry_date": "2028-06-03",
    "created_at": "2026-02-19T02:30:06.42201+00:00"
  },
  {
    "id": 55,
    "no": 124,
    "name": "대원아미노필린정100mg",
    "code": "ascta",
    "expiry_date": null,
    "created_at": "2026-02-19T02:30:06.42201+00:00"
  },
  {
    "id": 56,
    "no": 125,
    "name": "아스피린장용정",
    "code": "asap",
    "expiry_date": "2028-05-12",
    "created_at": "2026-02-19T02:30:06.42201+00:00"
  },
  {
    "id": 57,
    "no": 127,
    "name": "디트로딘에스알캡슐4mg",
    "code": "tfdsr4",
    "expiry_date": null,
    "created_at": "2026-02-19T02:30:06.42201+00:00"
  },
  {
    "id": 58,
    "no": 128,
    "name": "가바펜틴캡슐 100mg",
    "code": "gaba1d",
    "expiry_date": "2028-02-20",
    "created_at": "2026-02-19T02:30:06.42201+00:00"
  },
  {
    "id": 60,
    "no": 129,
    "name": "보나링에이",
    "code": "dmm",
    "expiry_date": "2028-06-09",
    "created_at": "2026-02-19T02:30:06.42201+00:00"
  },
  {
    "id": 61,
    "no": 130,
    "name": "아서틸정8mg",
    "code": "ace8",
    "expiry_date": null,
    "created_at": "2026-02-19T02:30:06.42201+00:00"
  },
  {
    "id": 62,
    "no": 131,
    "name": "에나폰",
    "code": "ena",
    "expiry_date": null,
    "created_at": "2026-02-19T02:30:06.42201+00:00"
  },
  {
    "id": 63,
    "no": 133,
    "name": "리리카50mg",
    "code": "lyri5",
    "expiry_date": "2028-01-19",
    "created_at": "2026-02-19T02:30:06.42201+00:00"
  },
  {
    "id": 64,
    "no": 134,
    "name": "로파인캡슐",
    "code": "lpr3",
    "expiry_date": null,
    "created_at": "2026-02-19T02:30:06.42201+00:00"
  },
  {
    "id": 65,
    "no": 136,
    "name": "오잘탄정50mg",
    "code": "lst1",
    "expiry_date": null,
    "created_at": "2026-02-19T02:30:06.42201+00:00"
  },
  {
    "id": 66,
    "no": 137,
    "name": "비바코정10mg",
    "code": "cres3",
    "expiry_date": "2027-08-31",
    "created_at": "2026-02-19T02:30:06.42201+00:00"
  },
  {
    "id": 67,
    "no": 139,
    "name": "펙소나딘 정 120mg",
    "code": "alle1",
    "expiry_date": "2028-06-03",
    "created_at": "2026-02-19T02:30:06.42201+00:00"
  },
  {
    "id": 68,
    "no": 140,
    "name": "아프로벨정300mg",
    "code": "ibst3",
    "expiry_date": "2027-10-22",
    "created_at": "2026-02-19T02:30:06.42201+00:00"
  },
  {
    "id": 69,
    "no": 141,
    "name": "부루펜정200mg",
    "code": "bf1",
    "expiry_date": "2030-05-07",
    "created_at": "2026-02-19T02:30:06.42201+00:00"
  },
  {
    "id": 70,
    "no": 142,
    "name": "리페리돈정0.5mg",
    "code": "risp0.5",
    "expiry_date": null,
    "created_at": "2026-02-19T02:30:06.42201+00:00"
  },
  {
    "id": 71,
    "no": 143,
    "name": "에이프렉사 정 2.5mg",
    "code": "zypr2",
    "expiry_date": null,
    "created_at": "2026-02-19T02:30:06.42201+00:00"
  },
  {
    "id": 72,
    "no": 145,
    "name": "멀택정",
    "code": "multac",
    "expiry_date": null,
    "created_at": "2026-02-19T02:30:06.42201+00:00"
  },
  {
    "id": 73,
    "no": 147,
    "name": "듀오논 정10/10mg",
    "code": "crez3",
    "expiry_date": "2028-05-08",
    "created_at": "2026-02-19T02:30:06.42201+00:00"
  },
  {
    "id": 74,
    "no": 149,
    "name": "유한짓",
    "code": "inh",
    "expiry_date": null,
    "created_at": "2026-02-19T02:30:06.42201+00:00"
  },
  {
    "id": 75,
    "no": 150,
    "name": "신지로이드",
    "code": "syn",
    "expiry_date": "2028-05-22",
    "created_at": "2026-02-19T02:30:06.42201+00:00"
  },
  {
    "id": 165,
    "no": 151,
    "name": "리리카캡슐75mg",
    "code": "lyri0.5",
    "expiry_date": "2027-07-02",
    "created_at": "2026-02-19T02:30:06.576472+00:00"
  },
  {
    "id": 167,
    "no": 152,
    "name": "지트람엑스엘서방정150mg",
    "code": "tmd15",
    "expiry_date": null,
    "created_at": "2026-02-19T02:30:06.576472+00:00"
  },
  {
    "id": 168,
    "no": 153,
    "name": "다이아벡스정500mg",
    "code": "gph",
    "expiry_date": "2027-08-27",
    "created_at": "2026-02-19T02:30:06.576472+00:00"
  },
  {
    "id": 169,
    "no": 154,
    "name": "플라비톨정 (동아)",
    "code": "clpd3",
    "expiry_date": "2028-03-09",
    "created_at": "2026-02-19T02:30:06.576472+00:00"
  },
  {
    "id": 170,
    "no": 155,
    "name": "리록스반정20mg",
    "code": "xarel20",
    "expiry_date": "2028-03-24",
    "created_at": "2026-02-19T02:30:06.576472+00:00"
  },
  {
    "id": 171,
    "no": 156,
    "name": "칸데모어정8mg",
    "code": "ata1",
    "expiry_date": "2028-10-21",
    "created_at": "2026-02-19T02:30:06.576472+00:00"
  },
  {
    "id": 172,
    "no": 157,
    "name": "디트로딘에스알캡슐2mg",
    "code": "tfdsr2",
    "expiry_date": null,
    "created_at": "2026-02-19T02:30:06.576472+00:00"
  },
  {
    "id": 173,
    "no": 158,
    "name": "판토라인40mg",
    "code": "ptp4",
    "expiry_date": "2027-12-11",
    "created_at": "2026-02-19T02:30:06.576472+00:00"
  },
  {
    "id": 174,
    "no": 159,
    "name": "사이톱신정250mg",
    "code": "cp25",
    "expiry_date": "2027-07-28",
    "created_at": "2026-02-19T02:30:06.576472+00:00"
  },
  {
    "id": 175,
    "no": 160,
    "name": "자이로릭정",
    "code": "zyr",
    "expiry_date": null,
    "created_at": "2026-02-19T02:30:06.576472+00:00"
  },
  {
    "id": 176,
    "no": 161,
    "name": "부광메티마졸정5mg",
    "code": "mtm",
    "expiry_date": null,
    "created_at": "2026-02-19T02:30:06.576472+00:00"
  },
  {
    "id": 177,
    "no": 162,
    "name": "트리티코",
    "code": "tz25",
    "expiry_date": "2029-04-29",
    "created_at": "2026-02-19T02:30:06.576472+00:00"
  },
  {
    "id": 178,
    "no": 163,
    "name": "아노렉스캡슐25mg",
    "code": "anorrx",
    "expiry_date": null,
    "created_at": "2026-02-19T02:30:06.576472+00:00"
  },
  {
    "id": 179,
    "no": 164,
    "name": "메만토정",
    "code": "dimen2",
    "expiry_date": "2027-12-05",
    "created_at": "2026-02-19T02:30:06.576472+00:00"
  },
  {
    "id": 180,
    "no": 165,
    "name": "니모디핀",
    "code": "nimo3",
    "expiry_date": null,
    "created_at": "2026-02-19T02:30:06.576472+00:00"
  },
  {
    "id": 181,
    "no": 166,
    "name": "삐콤",
    "code": "b",
    "expiry_date": "2026-09-19",
    "created_at": "2026-02-19T02:30:06.576472+00:00"
  },
  {
    "id": 182,
    "no": 167,
    "name": "테프라정40mg",
    "code": "ppl2",
    "expiry_date": null,
    "created_at": "2026-02-19T02:30:06.576472+00:00"
  },
  {
    "id": 183,
    "no": 168,
    "name": "비유피-4정10mg",
    "code": "ppv0.5",
    "expiry_date": "2028-08-26",
    "created_at": "2026-02-19T02:30:06.576472+00:00"
  },
  {
    "id": 184,
    "no": 169,
    "name": "도란사민캅셀",
    "code": "trs",
    "expiry_date": "2028-05-13",
    "created_at": "2026-02-19T02:30:06.576472+00:00"
  },
  {
    "id": 185,
    "no": 170,
    "name": "포리부틴정150mg",
    "code": "polib15",
    "expiry_date": "2028-06-15",
    "created_at": "2026-02-19T02:30:06.576472+00:00"
  },
  {
    "id": 186,
    "no": 171,
    "name": "리피논정 20mg",
    "code": "lipi2",
    "expiry_date": "2027-01-16",
    "created_at": "2026-02-19T02:30:06.576472+00:00"
  },
  {
    "id": 187,
    "no": 172,
    "name": "크레스논정20mg",
    "code": "cres20",
    "expiry_date": "2027-02-03",
    "created_at": "2026-02-19T02:30:06.576472+00:00"
  },
  {
    "id": 188,
    "no": 173,
    "name": "바클로펜10mg",
    "code": "bclo",
    "expiry_date": null,
    "created_at": "2026-02-19T02:30:06.576472+00:00"
  },
  {
    "id": 189,
    "no": 174,
    "name": "미드론정",
    "code": "midro",
    "expiry_date": "2027-09-24",
    "created_at": "2026-02-19T02:30:06.576472+00:00"
  },
  {
    "id": 190,
    "no": 175,
    "name": "리리카캡150mg",
    "code": "lyri",
    "expiry_date": "2027-07-15",
    "created_at": "2026-02-19T02:30:06.576472+00:00"
  },
  {
    "id": 192,
    "no": 176,
    "name": "피케이멜즈정 100mg",
    "code": "pk-mz",
    "expiry_date": null,
    "created_at": "2026-02-19T02:30:06.576472+00:00"
  },
  {
    "id": 193,
    "no": 177,
    "name": "엔토레스토필름코팅정100mg",
    "code": "sacval2",
    "expiry_date": null,
    "created_at": "2026-02-19T02:30:06.576472+00:00"
  },
  {
    "id": 194,
    "no": 178,
    "name": "메네스에스정",
    "code": "menias",
    "expiry_date": "2027-06-12",
    "created_at": "2026-02-19T02:30:06.576472+00:00"
  },
  {
    "id": 195,
    "no": 179,
    "name": "칸데모어정16mg",
    "code": "ata2",
    "expiry_date": null,
    "created_at": "2026-02-19T02:30:06.576472+00:00"
  },
  {
    "id": 196,
    "no": 180,
    "name": "신일염산티아민정10mg",
    "code": "thi",
    "expiry_date": null,
    "created_at": "2026-02-19T02:30:06.576472+00:00"
  },
  {
    "id": 76,
    "no": 182,
    "name": "글리아타민연질캡슐",
    "code": "glia1",
    "expiry_date": "2028-06-20",
    "created_at": "2026-02-19T02:30:06.42201+00:00"
  },
  {
    "id": 77,
    "no": 183,
    "name": "글리멜정4mg",
    "code": "glmd4",
    "expiry_date": null,
    "created_at": "2026-02-19T02:30:06.42201+00:00"
  },
  {
    "id": 78,
    "no": 184,
    "name": "헤르벤",
    "code": "herb",
    "expiry_date": "2028-04-29",
    "created_at": "2026-02-19T02:30:06.42201+00:00"
  },
  {
    "id": 79,
    "no": 185,
    "name": "레복사신정100mg",
    "code": "lofx2",
    "expiry_date": "2027-11-10",
    "created_at": "2026-02-19T02:30:06.42201+00:00"
  },
  {
    "id": 80,
    "no": 188,
    "name": "펙소스타",
    "code": "fexo",
    "expiry_date": null,
    "created_at": "2026-02-19T02:30:06.42201+00:00"
  },
  {
    "id": 81,
    "no": 189,
    "name": "디아미크롱서방정60mg",
    "code": "gc6",
    "expiry_date": "2028-02-18",
    "created_at": "2026-02-19T02:30:06.42201+00:00"
  },
  {
    "id": 82,
    "no": 190,
    "name": "에어탈정 100mg",
    "code": "acl1",
    "expiry_date": "2028-03-23",
    "created_at": "2026-02-19T02:30:06.42201+00:00"
  },
  {
    "id": 83,
    "no": 191,
    "name": "릭시아나정30mg",
    "code": "lixi3",
    "expiry_date": "2030-03-23",
    "created_at": "2026-02-19T02:30:06.42201+00:00"
  },
  {
    "id": 84,
    "no": 193,
    "name": "엘리퀴스정5mg",
    "code": "eliqs5",
    "expiry_date": "2027-04-30",
    "created_at": "2026-02-19T02:30:06.42201+00:00"
  },
  {
    "id": 85,
    "no": 195,
    "name": "훼로바-유서방정",
    "code": "fero-u",
    "expiry_date": "2028-06-08",
    "created_at": "2026-02-19T02:30:06.42201+00:00"
  },
  {
    "id": 86,
    "no": 196,
    "name": "바스티난서방정",
    "code": "tmz-mr",
    "expiry_date": "2028-01-14",
    "created_at": "2026-02-19T02:30:06.42201+00:00"
  },
  {
    "id": 87,
    "no": 197,
    "name": "티로파",
    "code": "tiro",
    "expiry_date": "2030-06-10",
    "created_at": "2026-02-19T02:30:06.42201+00:00"
  },
  {
    "id": 88,
    "no": 201,
    "name": "팜시버 정 250mg",
    "code": "famcv1",
    "expiry_date": "2028-04-11",
    "created_at": "2026-02-19T02:30:06.42201+00:00"
  },
  {
    "id": 89,
    "no": 202,
    "name": "유니네콜정25mg",
    "code": "btc25",
    "expiry_date": "2028-05-16",
    "created_at": "2026-02-19T02:30:06.42201+00:00"
  },
  {
    "id": 90,
    "no": 203,
    "name": "가스터디정",
    "code": "gstd",
    "expiry_date": "2027-12-31",
    "created_at": "2026-02-19T02:30:06.42201+00:00"
  },
  {
    "id": 91,
    "no": 207,
    "name": "빔스크정100mg",
    "code": "lacosa1",
    "expiry_date": "2027-11-03",
    "created_at": "2026-02-19T02:30:06.42201+00:00"
  },
  {
    "id": 92,
    "no": 208,
    "name": "오로살탄5/80",
    "code": "orsal",
    "expiry_date": "2028-06-02",
    "created_at": "2026-02-19T02:30:06.42201+00:00"
  },
  {
    "id": 93,
    "no": 209,
    "name": "탐스오디정",
    "code": "har-d1",
    "expiry_date": "2028-06-03",
    "created_at": "2026-02-19T02:30:06.42201+00:00"
  },
  {
    "id": 94,
    "no": 210,
    "name": "피나스테리드정5mg",
    "code": "pros3",
    "expiry_date": "2027-04-04",
    "created_at": "2026-02-19T02:30:06.42201+00:00"
  },
  {
    "id": 95,
    "no": 213,
    "name": "노르믹스정",
    "code": "nrmx",
    "expiry_date": "2028-05-13",
    "created_at": "2026-02-19T02:30:06.42201+00:00"
  },
  {
    "id": 96,
    "no": 214,
    "name": "알닥톤필름코팅정25mg",
    "code": "adt",
    "expiry_date": "2028-07-14",
    "created_at": "2026-02-19T02:30:06.42201+00:00"
  },
  {
    "id": 97,
    "no": 215,
    "name": "엔테론정150mg",
    "code": "ent",
    "expiry_date": "2028-06-03",
    "created_at": "2026-02-19T02:30:06.42201+00:00"
  },
  {
    "id": 98,
    "no": 216,
    "name": "비유피-4정20mg",
    "code": "ppv",
    "expiry_date": null,
    "created_at": "2026-02-19T02:30:06.42201+00:00"
  },
  {
    "id": 99,
    "no": 219,
    "name": "셉트린정",
    "code": "ts1",
    "expiry_date": null,
    "created_at": "2026-02-19T02:30:06.42201+00:00"
  },
  {
    "id": 100,
    "no": 220,
    "name": "액티피드",
    "code": "afdj",
    "expiry_date": null,
    "created_at": "2026-02-19T02:30:06.42201+00:00"
  },
  {
    "id": 101,
    "no": 221,
    "name": "디오살탄정80mg",
    "code": "dio80",
    "expiry_date": "2028-06-29",
    "created_at": "2026-02-19T02:30:06.576472+00:00"
  },
  {
    "id": 227,
    "no": 222,
    "name": "리록스반 정 2.5mg",
    "code": "xarel25",
    "expiry_date": null,
    "created_at": "2026-02-19T06:18:54.163927+00:00"
  },
  {
    "id": 103,
    "no": 225,
    "name": "엠파프로정 25mg",
    "code": "jard1",
    "expiry_date": "2027-10-31",
    "created_at": "2026-02-19T02:30:06.576472+00:00"
  },
  {
    "id": 104,
    "no": 226,
    "name": "다파엔정10mg",
    "code": "foxig1",
    "expiry_date": "2028-07-13",
    "created_at": "2026-02-19T02:30:06.576472+00:00"
  },
  {
    "id": 105,
    "no": 227,
    "name": "아리도네 정 5mg",
    "code": "dnpz2",
    "expiry_date": "2027-04-29",
    "created_at": "2026-02-19T02:30:06.576472+00:00"
  },
  {
    "id": 106,
    "no": 228,
    "name": "릭시아나정15mg",
    "code": "lixi15",
    "expiry_date": null,
    "created_at": "2026-02-19T02:30:06.576472+00:00"
  },
  {
    "id": 197,
    "no": 241,
    "name": "푸루나졸캅셀50mg",
    "code": "fcnz",
    "expiry_date": "2027-01-08",
    "created_at": "2026-02-19T02:30:06.576472+00:00"
  },
  {
    "id": 198,
    "no": 242,
    "name": "슈프락스캅셀100mg",
    "code": "cfx1",
    "expiry_date": "2027-03-30",
    "created_at": "2026-02-19T02:30:06.576472+00:00"
  },
  {
    "id": 199,
    "no": 243,
    "name": "둘코락스 에스 장용정",
    "code": "dul1",
    "expiry_date": null,
    "created_at": "2026-02-19T02:30:06.576472+00:00"
  },
  {
    "id": 200,
    "no": 244,
    "name": "엠파프로정 10mg",
    "code": "jard",
    "expiry_date": "2028-01-31",
    "created_at": "2026-02-19T02:30:06.576472+00:00"
  },
  {
    "id": 201,
    "no": 245,
    "name": "에크로바정400mg",
    "code": "acv40",
    "expiry_date": null,
    "created_at": "2026-02-19T02:30:06.679762+00:00"
  },
  {
    "id": 202,
    "no": 247,
    "name": "유크라정625mg",
    "code": "aug",
    "expiry_date": "2027-03-09",
    "created_at": "2026-02-19T02:30:06.679762+00:00"
  },
  {
    "id": 203,
    "no": 248,
    "name": "글루코바이정50mg",
    "code": "gb",
    "expiry_date": null,
    "created_at": "2026-02-19T02:30:06.679762+00:00"
  },
  {
    "id": 204,
    "no": 249,
    "name": "리리카 캡슐 25mg",
    "code": "lyri25",
    "expiry_date": null,
    "created_at": "2026-02-19T02:30:06.679762+00:00"
  },
  {
    "id": 205,
    "no": 250,
    "name": "렉사큐어정 5mg",
    "code": "rexa5",
    "expiry_date": "2026-10-15",
    "created_at": "2026-02-19T02:30:06.679762+00:00"
  },
  {
    "id": 206,
    "no": 251,
    "name": "부스파정 5mg",
    "code": "bpr",
    "expiry_date": "2027-07-27",
    "created_at": "2026-02-19T02:30:06.679762+00:00"
  },
  {
    "id": 207,
    "no": 253,
    "name": "애니코프캡슐300mg",
    "code": "thebr",
    "expiry_date": "2027-02-25",
    "created_at": "2026-02-19T02:30:06.679762+00:00"
  },
  {
    "id": 208,
    "no": 254,
    "name": "데카키논캅셀5mg",
    "code": "dq",
    "expiry_date": null,
    "created_at": "2026-02-19T02:30:06.679762+00:00"
  },
  {
    "id": 209,
    "no": 255,
    "name": "빌가드정 50mg",
    "code": "galv1",
    "expiry_date": "2027-11-21",
    "created_at": "2026-02-19T02:30:06.679762+00:00"
  },
  {
    "id": 210,
    "no": 256,
    "name": "소론도정",
    "code": "pd",
    "expiry_date": "2028-04-13",
    "created_at": "2026-02-19T02:30:06.679762+00:00"
  },
  {
    "id": 211,
    "no": 257,
    "name": "메프친25mcg",
    "code": "mept25",
    "expiry_date": "2028-01-07",
    "created_at": "2026-02-19T02:30:06.679762+00:00"
  },
  {
    "id": 212,
    "no": 261,
    "name": "신일 엠정500mg",
    "code": "m",
    "expiry_date": "2028-09-17",
    "created_at": "2026-02-19T02:30:06.679762+00:00"
  },
  {
    "id": 213,
    "no": 262,
    "name": "다이크로짓정 25mg",
    "code": "dz",
    "expiry_date": "2027-05-22",
    "created_at": "2026-02-19T02:30:06.679762+00:00"
  },
  {
    "id": 214,
    "no": 263,
    "name": "바소트롤정12.5mg",
    "code": "cvd0.5",
    "expiry_date": "2028-03-29",
    "created_at": "2026-02-19T02:30:06.679762+00:00"
  },
  {
    "id": 215,
    "no": 267,
    "name": "이노엔 아벨탄 정 150mg",
    "code": "ibst1",
    "expiry_date": "2028-03-03",
    "created_at": "2026-02-19T02:30:06.679762+00:00"
  },
  {
    "id": 216,
    "no": 268,
    "name": "폴산정1mg",
    "code": "folic",
    "expiry_date": null,
    "created_at": "2026-02-19T02:30:06.679762+00:00"
  },
  {
    "id": 217,
    "no": 269,
    "name": "신일 브롬헥신염산염 정",
    "code": "bhx",
    "expiry_date": "2028-05-19",
    "created_at": "2026-02-19T02:30:06.679762+00:00"
  },
  {
    "id": 218,
    "no": 270,
    "name": "목틴 캡슐 200mg",
    "code": "cys1",
    "expiry_date": "2028-02-27",
    "created_at": "2026-02-19T02:30:06.679762+00:00"
  },
  {
    "id": 219,
    "no": 274,
    "name": "레보스피드정 25mg",
    "code": "levo5",
    "expiry_date": "2028-03-24",
    "created_at": "2026-02-19T02:30:06.679762+00:00"
  },
  {
    "id": 220,
    "no": 275,
    "name": "파마 프로시클리딘정",
    "code": "prom2",
    "expiry_date": null,
    "created_at": "2026-02-19T02:30:06.679762+00:00"
  },
  {
    "id": 221,
    "no": 276,
    "name": "쎄레브렉스캡슐100mg",
    "code": "cele100",
    "expiry_date": "2028-05-08",
    "created_at": "2026-02-19T02:30:06.679762+00:00"
  },
  {
    "id": 222,
    "no": 281,
    "name": "디고신정",
    "code": "dgx",
    "expiry_date": null,
    "created_at": "2026-02-19T02:30:06.679762+00:00"
  },
  {
    "id": 223,
    "no": 282,
    "name": "곰실린캡슐 500mg",
    "code": "amx50",
    "expiry_date": "2026-06-26",
    "created_at": "2026-02-19T02:30:06.679762+00:00"
  },
  {
    "id": 226,
    "no": 287,
    "name": "프레탈 정 100mg",
    "code": "plt10",
    "expiry_date": null,
    "created_at": "2026-02-19T06:17:23.674313+00:00"
  },
  {
    "id": 224,
    "no": 288,
    "name": "피라진아미드정500mg",
    "code": "pza",
    "expiry_date": null,
    "created_at": "2026-02-19T02:30:06.679762+00:00"
  },
  {
    "id": 225,
    "no": 294,
    "name": "가바펜틴캡슐300mg",
    "code": "gaba3dc",
    "expiry_date": "2027-07-01",
    "created_at": "2026-02-19T02:30:06.679762+00:00"
  }
]